narration_id,participant_id,video_id,narration_timestamp,start_timestamp,stop_timestamp,start_frame,stop_frame,narration,verb,verb_class,noun,noun_class,all_nouns,all_noun_classes
P01_01_0,P01,P01_01,00:01.1,00:00.1,00:03.4,8,202,open door,open,3,door,3,['door'],[3]
P01_01_1,P01,P01_01,00:02.6,00:04.4,00:06.2,262,370,turn on light,turn-on,6,light,114,['light'],[114]
P01_01_2,P01,P01_01,00:05.3,00:07.0,00:09.5,418,569,close door,close,4,door,3,['door'],[3]
P01_01_3,P01,P01_01,00:11.0,00:12.8,00:14.0,766,839,open fridge,open,3,fridge,12,['fridge'],[12]
P01_01_4,P01,P01_01,00:13.4,00:15.2,00:16.4,915,983,take celery,take,0,celery,223,['celery'],[223]
P01_01_5,P01,P01_01,00:15.0,00:16.5,00:18.1,990,1083,take container,take,0,container,21,['container'],[21]
P01_01_6,P01,P01_01,00:18.8,00:18.2,00:21.1,1091,1268,take tofu,take,0,tofu,81,['tofu'],[81]
P01_01_7,P01,P01_01,00:20.4,00:21.9,00:23.3,1314,1399,close fridge,close,4,fridge,12,['fridge'],[12]
P01_01_8,P01,P01_01,00:21.6,00:23.2,00:24.3,1390,1457,open fridge,open,3,fridge,12,['fridge'],[12]
P01_01_9,P01,P01_01,00:24.5,00:24.5,00:27.9,1468,1676,take carrots and,take,0,carrot,41,['carrot'],[41]
P01_01_10,P01,P01_01,00:23.3,00:25.0,00:26.2,1498,1572,open drawer,open,3,drawer,8,['drawer'],[8]
P01_01_11,P01,P01_01,00:28.0,00:29.2,00:31.3,1753,1879,close fridge,close,4,fridge,12,['fridge'],[12]
P01_01_12,P01,P01_01,00:29.5,00:36.7,00:37.8,2200,2266,put down vegetables,put-down,1,vegetable,94,['vegetable'],[94]
P01_01_13,P01,P01_01,00:39.8,00:41.8,00:42.5,2507,2553,open cupboard,open,3,cupboard,3,['cupboard'],[3]
P01_01_14,P01,P01_01,00:44.1,00:43.2,00:46.6,2592,2798,take cutting board,take,0,board:cutting,18,['board:cutting'],[18]
P01_01_15,P01,P01_01,00:45.6,00:46.5,00:47.8,2787,2868,put down cutting board,put-down,1,board:cutting,18,['board:cutting'],[18]
P01_01_16,P01,P01_01,00:46.9,00:47.7,00:48.8,2865,2925,close cupboard,close,4,cupboard,3,['cupboard'],[3]
P01_01_17,P01,P01_01,00:50.4,00:51.7,00:53.0,3099,3180,open drawer,open,3,drawer,8,['drawer'],[8]
P01_01_18,P01,P01_01,00:54.7,00:53.5,00:56.0,3210,3360,take knife,take,0,knife,4,['knife'],[4]
P01_01_19,P01,P01_01,00:51.7,00:53.5,00:54.4,3213,3261,take knife,take,0,knife,4,['knife'],[4]
P01_01_20,P01,P01_01,00:56.7,00:54.7,00:55.7,3283,3344,put down knife,put-down,1,knife,4,['knife'],[4]
P01_01_21,P01,P01_01,00:55.7,00:56.1,00:56.6,3366,3396,close drawer,close,4,drawer,8,['drawer'],[8]
P01_01_22,P01,P01_01,00:53.7,00:57.5,00:58.7,3447,3522,put down knife,put-down,1,knife,4,['knife'],[4]
P01_01_23,P01,P01_01,00:59.1,00:59.1,01:02.3,3543,3738,open tap,turn-on,6,tap,0,['tap'],[0]
P01_01_24,P01,P01_01,01:00.1,01:01.9,01:05.2,3711,3913,wash courgette,wash,2,courgette,76,['courgette'],[76]
P01_01_25,P01,P01_01,01:08.1,01:05.2,01:13.1,3912,4387,still washing courgette,wash,2,courgette,76,['courgette'],[76]
P01_01_26,P01,P01_01,01:12.5,01:14.3,01:18.9,4457,4733,wash carrot,wash,2,carrot,41,['carrot'],[41]
P01_01_27,P01,P01_01,01:18.8,01:19.0,01:22.8,4739,4967,still washing carrot,wash,2,carrot,41,['carrot'],[41]
P01_01_28,P01,P01_01,01:20.5,01:22.2,01:23.2,4931,4991,close tap,turn-off,8,tap,0,['tap'],[0]
P01_01_29,P01,P01_01,01:24.2,01:25.5,01:26.5,5129,5189,put down vegetables,put-down,1,vegetable,94,['vegetable'],[94]
P01_01_30,P01,P01_01,01:26.3,01:27.4,01:28.3,5245,5297,open cupboard,open,3,cupboard,3,['cupboard'],[3]
P01_01_31,P01,P01_01,01:32.1,01:32.5,01:34.1,5551,5645,take grater,take,0,grater,96,['grater'],[96]
P01_01_32,P01,P01_01,01:37.6,01:35.3,01:39.6,5716,5973,take pan,take,0,pan,5,['pan'],[5]
P01_01_33,P01,P01_01,01:39.1,01:40.7,01:42.3,6044,6135,put down pan,put-down,1,pan,5,['pan'],[5]
P01_01_34,P01,P01_01,01:41.3,01:41.7,01:42.4,6099,6144,close cupboard,close,4,cupboard,3,['cupboard'],[3]
P01_01_35,P01,P01_01,01:40.2,01:43.0,01:43.8,6181,6226,close cupboard,close,4,cupboard,3,['cupboard'],[3]
P01_01_36,P01,P01_01,01:43.6,01:44.1,01:45.2,6246,6313,take courgette,take,0,courgette,76,['courgette'],[76]
P01_01_37,P01,P01_01,01:44.6,01:45.7,02:02.0,6341,7321,cut courgette,cut,7,courgette,76,['courgette'],[76]
P01_01_38,P01,P01_01,02:04.5,02:02.1,02:07.0,7327,7618,turn on hob,turn-on,6,hob,24,['hob'],[24]
P01_01_39,P01,P01_01,02:05.5,02:07.8,02:24.9,7668,8693,cut courgette,cut,7,courgette,76,['courgette'],[76]
P01_01_40,P01,P01_01,02:17.5,02:11.0,02:25.8,7859,8747,still cutting courgette,cut,7,courgette,76,['courgette'],[76]
P01_01_41,P01,P01_01,02:30.4,02:30.5,02:45.7,9031,9939,dicing courgette,dice,7,courgette,76,['courgette'],[76]
P01_01_42,P01,P01_01,02:48.8,02:45.8,03:00.3,9945,10816,still dicing courgette,dice,7,courgette,76,['courgette'],[76]
P01_01_43,P01,P01_01,02:50.2,03:00.4,03:13.9,10822,11634,still dicing courgette,dice,7,courgette,76,['courgette'],[76]
P01_01_44,P01,P01_01,03:42.0,03:59.0,04:08.8,14342,14928,still dicing courgette,dice,7,courgette,76,['courgette'],[76]
P01_01_45,P01,P01_01,04:08.4,04:10.1,04:17.9,15003,15472,pour courgette onto pan,pour-onto,9,courgette,76,"['courgette', 'pan']","[76, 5]"
P01_01_46,P01,P01_01,04:21.1,04:21.7,04:24.6,15701,15878,throw courgette into rubbish bin,throw-into,13,courgette,76,"['courgette', 'bin:rubbish']","[76, 36]"
P01_01_47,P01,P01_01,04:23.2,04:25.1,04:26.4,15903,15986,open drawer,open,3,drawer,8,['drawer'],[8]
P01_01_48,P01,P01_01,04:27.0,04:28.6,04:29.2,16114,16154,close drawer,close,4,drawer,8,['drawer'],[8]
P01_01_49,P01,P01_01,04:29.0,04:30.4,04:32.2,16225,16329,take spatula,take,0,spatula,20,['spatula'],[20]
P01_01_50,P01,P01_01,04:30.4,04:32.1,04:37.9,16324,16671,stir courgette,stir,10,courgette,76,['courgette'],[76]
P01_01_51,P01,P01_01,04:38.8,04:39.6,04:41.3,16776,16881,take salt,take,0,salt,38,['salt'],[38]
P01_01_52,P01,P01_01,04:39.9,04:41.4,04:42.9,16887,16975,open salt,open,3,salt,38,['salt'],[38]
P01_01_53,P01,P01_01,04:41.4,04:42.8,04:45.1,16968,17103,pour salt onto pan,pour-onto,9,salt,38,"['salt', 'pan']","[38, 5]"
P01_01_54,P01,P01_01,04:42.7,04:45.1,04:46.8,17109,17207,put down salt,put-down,1,salt,38,['salt'],[38]
P01_01_55,P01,P01_01,04:46.3,04:47.9,04:54.2,17271,17655,stir courgette,stir,10,courgette,76,['courgette'],[76]
P01_01_56,P01,P01_01,04:53.0,04:54.4,04:55.6,17661,17736,put down spatula,put-down,1,spatula,20,['spatula'],[20]
P01_01_57,P01,P01_01,04:54.6,04:55.7,04:59.7,17742,17982,take celery,take,0,celery,223,['celery'],[223]
P01_01_58,P01,P01_01,05:08.4,05:01.2,05:15.5,18075,18930,still washing celery,wash,2,celery,223,['celery'],[223]
P01_01_59,P01,P01_01,05:00.1,05:01.3,05:03.5,18078,18207,open tap,turn-on,6,tap,0,['tap'],[0]
P01_01_60,P01,P01_01,05:01.1,05:03.6,05:15.5,18213,18929,wash celery,wash,2,celery,223,['celery'],[223]
P01_01_61,P01,P01_01,05:13.7,05:15.0,05:15.9,18901,18956,close tap,turn-off,8,tap,0,['tap'],[0]
P01_01_62,P01,P01_01,05:17.2,05:18.2,05:20.0,19095,19200,put down celery,put-down,1,celery,223,['celery'],[223]
P01_01_63,P01,P01_01,05:20.0,05:22.8,05:28.2,19366,19690,cut celery,cut,7,celery,223,['celery'],[223]
P01_01_64,P01,P01_01,05:32.2,05:28.3,05:38.1,19696,20284,still cutting celery,cut,7,celery,223,['celery'],[223]
P01_01_65,P01,P01_01,05:41.3,05:41.6,05:46.2,20498,20772,pour celery onto pan,pour-onto,9,celery,223,"['celery', 'pan']","[223, 5]"
P01_01_66,P01,P01_01,05:44.5,05:46.0,05:47.7,20760,20860,put down cutting board and knife,put-down,1,board:cutting,18,"['board:cutting', 'knife']","[18, 4]"
P01_01_67,P01,P01_01,05:51.9,05:47.3,05:53.8,20839,21227,take celery,take,0,celery,223,['celery'],[223]
P01_01_68,P01,P01_01,05:53.2,05:54.1,05:58.4,21245,21506,throw things into garbage bin,throw-into,13,bin:garbage,36,['bin:garbage'],[36]
P01_01_69,P01,P01_01,05:58.3,06:00.2,06:01.8,21612,21710,open fridge,open,3,fridge,12,['fridge'],[12]
P01_01_70,P01,P01_01,06:00.0,06:00.8,06:03.1,21645,21784,put celery back into fridge,put-into,5,celery,223,"['celery', 'fridge']","[223, 12]"
P01_01_71,P01,P01_01,06:01.8,06:03.1,06:04.2,21784,21849,close fridge,close,4,fridge,12,['fridge'],[12]
P01_01_72,P01,P01_01,06:06.1,06:07.3,06:08.3,22040,22100,take spatula,take,0,spatula,20,['spatula'],[20]
P01_01_73,P01,P01_01,06:07.1,06:08.4,06:18.0,22102,22681,stir something,stir,10,spatula,20,['spatula'],[20]
P01_01_74,P01,P01_01,06:16.3,06:17.8,06:19.3,22669,22758,put down spatula,put-down,1,spatula,20,['spatula'],[20]
P01_01_75,P01,P01_01,06:18.0,06:19.3,06:21.2,22755,22872,open container,open,3,container,21,['container'],[21]
P01_01_76,P01,P01_01,06:22.8,06:21.5,06:24.9,22891,23091,take onion,take,0,onion,16,['onion'],[16]
P01_01_77,P01,P01_01,06:20.1,06:24.0,06:24.8,23040,23085,take onion,take,0,onion,16,['onion'],[16]
P01_01_78,P01,P01_01,06:23.8,06:24.9,06:25.6,23091,23134,put down onion,put-down,1,onion,16,['onion'],[16]
P01_01_79,P01,P01_01,06:26.8,06:25.5,06:28.4,23128,23302,close container,close,4,container,21,['container'],[21]
P01_01_80,P01,P01_01,06:27.8,06:30.5,06:31.3,23431,23476,take spatula,take,0,spatula,20,['spatula'],[20]
P01_01_81,P01,P01_01,06:29.5,06:30.9,06:32.1,23457,23527,take knife,take,0,knife,4,['knife'],[4]
P01_01_82,P01,P01_01,06:30.5,06:32.6,06:38.7,23555,23925,cut onion,cut,7,onion,16,['onion'],[16]
P01_01_83,P01,P01_01,06:50.5,06:35.4,06:47.0,23724,24421,still cutting onion,cut,7,onion,16,['onion'],[16]
P01_01_84,P01,P01_01,06:39.7,06:48.4,07:02.2,24503,25330,still cutting onion,cut,7,onion,16,['onion'],[16]
P01_01_85,P01,P01_01,07:04.3,07:04.7,07:06.4,25481,25585,put down knife,put-down,1,knife,4,['knife'],[4]
P01_01_86,P01,P01_01,07:06.5,07:07.0,07:09.4,25617,25761,take kettle,take,0,kettle,44,['kettle'],[44]
P01_01_87,P01,P01_01,07:09.1,07:09.7,07:13.8,25784,26028,open tap,turn-on,6,tap,0,['tap'],[0]
P01_01_88,P01,P01_01,07:10.1,07:09.9,07:17.8,25794,26266,pour water into kettle,pour-into,9,water,27,"['water', 'kettle']","[27, 44]"
P01_01_89,P01,P01_01,07:18.2,07:17.0,07:23.2,26220,26589,still pouring water,pour,9,water,27,['water'],[27]
P01_01_90,P01,P01_01,07:19.9,07:21.5,07:22.3,26490,26535,close tap,turn-off,8,tap,0,['tap'],[0]
P01_01_91,P01,P01_01,07:24.0,07:25.1,07:27.1,26706,26827,turn kettle on,turn-on,6,kettle,44,['kettle'],[44]
P01_01_92,P01,P01_01,07:28.2,07:30.1,07:30.8,27004,27048,take spatula,take,0,spatula,20,['spatula'],[20]
P01_01_93,P01,P01_01,07:29.9,07:30.6,07:38.3,27033,27498,stir vegetables,stir,10,vegetable,94,['vegetable'],[94]
P01_01_94,P01,P01_01,07:41.5,07:35.6,07:44.7,27334,27884,still stirring vegetables,stir,10,vegetable,94,['vegetable'],[94]
P01_01_95,P01,P01_01,07:47.7,07:47.5,07:48.5,28050,28113,take glass,take,0,glass,10,['glass'],[10]
P01_01_96,P01,P01_01,07:46.5,07:49.1,07:50.3,28148,28219,take glass,take,0,glass,10,['glass'],[10]
P01_01_97,P01,P01_01,07:49.7,07:51.5,07:52.7,28287,28362,open cupboard,open,3,cupboard,3,['cupboard'],[3]
P01_01_98,P01,P01_01,07:52.0,07:54.2,07:57.2,28450,28633,put glass into cupboard,put-into,5,glass,10,"['glass', 'cupboard']","[10, 3]"
P01_01_99,P01,P01_01,07:55.6,07:56.7,07:59.3,28604,28759,close cupboard,close,4,cupboard,3,['cupboard'],[3]
P01_01_100,P01,P01_01,07:57.9,07:59.8,08:00.9,28785,28852,take cup,take,0,cup,13,['cup'],[13]
P01_01_101,P01,P01_01,08:00.0,08:01.5,08:02.2,28888,28932,open cupboard,open,3,cupboard,3,['cupboard'],[3]
P01_01_102,P01,P01_01,08:01.2,08:02.1,08:03.0,28927,28980,put cup into cupboard,put-into,5,cup,13,"['cup', 'cupboard']","[13, 3]"
P01_01_103,P01,P01_01,08:03.9,08:05.2,08:07.2,29113,29232,take container and lid,take,0,container,21,"['container', 'lid']","[21, 6]"
P01_01_104,P01,P01_01,08:07.6,08:08.4,08:09.1,29302,29347,put container on top of counter,put-on,1,container,21,"['container', 'top:counter']","[21, 42]"
P01_01_105,P01,P01_01,08:09.9,08:12.0,08:12.7,29520,29564,open container,open,3,container,21,['container'],[21]
P01_01_106,P01,P01_01,08:12.9,08:13.2,08:14.4,29593,29662,put container inside container,put-inside,5,container,21,"['container', 'container']","[21, 21]"
P01_01_107,P01,P01_01,08:14.6,08:15.8,08:17.0,29748,29819,close lid,close,4,lid,6,['lid'],[6]
P01_01_108,P01,P01_01,08:18.0,08:19.6,08:20.6,29978,30036,put container in cupboard,put-in,5,container,21,"['container', 'cupboard']","[21, 3]"
P01_01_109,P01,P01_01,08:21.0,08:22.4,08:23.3,30141,30198,take plate,take,0,plate,2,['plate'],[2]
P01_01_110,P01,P01_01,08:25.7,08:24.7,08:27.9,30279,30475,put plate down,put-down,1,plate,2,['plate'],[2]
P01_01_111,P01,P01_01,08:26.8,08:28.2,08:29.9,30489,30596,open drawer,open,3,drawer,8,['drawer'],[8]
P01_01_112,P01,P01_01,08:29.9,08:29.3,08:31.5,30557,30692,take something,take,0,drawer,8,['drawer'],[8]
P01_01_113,P01,P01_01,08:32.2,08:32.7,08:34.4,30759,30865,put down something,put-down,1,drawer,8,['drawer'],[8]
P01_01_114,P01,P01_01,08:35.2,08:36.8,08:38.1,31008,31082,open drawer,open,3,drawer,8,['drawer'],[8]
P01_01_115,P01,P01_01,08:36.5,08:37.9,08:39.1,31072,31147,take fork,take,0,fork,14,['fork'],[14]
P01_01_116,P01,P01_01,08:37.6,08:39.3,08:40.3,31160,31215,put down fork,put-down,1,fork,14,['fork'],[14]
P01_01_117,P01,P01_01,08:39.1,08:41.2,08:42.1,31271,31324,take spatula,take,0,spatula,20,['spatula'],[20]
P01_01_118,P01,P01_01,08:40.7,08:41.9,08:48.6,31315,31713,stir vegetables,stir,10,vegetable,94,['vegetable'],[94]
P01_01_120,P01,P01_01,09:00.6,09:02.0,09:03.0,32522,32578,take container,take,0,container,21,['container'],[21]
P01_01_121,P01,P01_01,09:04.1,09:06.4,09:07.4,32783,32845,open fridge,open,3,fridge,12,['fridge'],[12]
P01_01_122,P01,P01_01,09:05.3,09:07.4,09:09.0,32844,32940,put container into fridge,put-into,5,container,21,"['container', 'fridge']","[21, 12]"
P01_01_123,P01,P01_01,09:07.3,09:09.3,09:10.0,32956,33001,close fridge,close,4,fridge,12,['fridge'],[12]
P01_01_124,P01,P01_01,09:11.5,09:13.4,09:14.5,33204,33269,take spatula,take,0,spatula,20,['spatula'],[20]
P01_01_125,P01,P01_01,09:12.5,09:14.7,09:18.5,33279,33510,stir vegetables,stir,10,vegetable,94,['vegetable'],[94]
P01_01_126,P01,P01_01,09:19.4,09:21.1,09:22.3,33667,33739,take grater,take,0,grater,96,['grater'],[96]
P01_01_127,P01,P01_01,09:30.3,09:21.1,09:22.5,33667,33751,take grater,take,0,grater,96,['grater'],[96]
P01_01_128,P01,P01_01,09:20.7,09:22.1,09:22.8,33724,33768,take carrots,take,0,carrot,41,['carrot'],[41]
P01_01_129,P01,P01_01,09:23.2,09:24.2,09:28.8,33855,34130,cut carrots,cut,7,carrot,41,['carrot'],[41]
P01_01_130,P01,P01_01,09:24.2,09:29.2,09:31.0,34150,34261,drop grater,drop,59,grater,96,['grater'],[96]
P01_01_131,P01,P01_01,09:34.9,09:34.4,09:46.9,34465,35215,grate carrots,grate,77,carrot,41,['carrot'],[41]
P01_01_132,P01,P01_01,09:49.0,09:47.0,09:55.6,35221,35734,still grating carrots,grate,77,carrot,41,['carrot'],[41]
P01_01_133,P01,P01_01,10:13.6,09:50.3,10:00.7,35417,36043,still grating carrot,grate,77,carrot,41,['carrot'],[41]
P01_01_134,P01,P01_01,10:23.0,10:02.2,10:39.0,36131,38339,still grating carrot,grate,77,carrot,41,['carrot'],[41]
P01_01_135,P01,P01_01,10:37.7,10:39.5,10:40.3,38370,38416,put down grater,put-down,1,grater,96,['grater'],[96]
P01_01_136,P01,P01_01,10:39.6,10:41.8,10:42.8,38508,38569,throw carrot into bin,throw-into,13,carrot,41,"['carrot', 'bin']","[41, 36]"
P01_01_137,P01,P01_01,10:42.7,10:44.5,10:45.3,38669,38719,take grater,take,0,grater,96,['grater'],[96]
P01_01_138,P01,P01_01,10:48.1,10:49.7,10:50.8,38980,39046,put down grater,put-down,1,grater,96,['grater'],[96]
P01_01_139,P01,P01_01,10:50.5,10:52.8,10:53.8,39166,39229,throw carrot into bin,throw-into,13,carrot,41,"['carrot', 'bin']","[41, 36]"
P01_01_140,P01,P01_01,10:52.6,10:54.7,10:55.7,39285,39345,take spatula,take,0,spatula,20,['spatula'],[20]
P01_01_141,P01,P01_01,10:53.8,10:55.7,11:01.0,39343,39657,stir vegetables,stir,10,vegetable,94,['vegetable'],[94]
P01_01_142,P01,P01_01,11:01.0,11:02.6,11:03.5,39753,39813,open cupboard,open,3,cupboard,3,['cupboard'],[3]
P01_01_143,P01,P01_01,11:05.0,11:03.5,11:05.3,39813,39918,take saucepan,take,0,saucepan,5,['saucepan'],[5]
P01_01_144,P01,P01_01,11:10.5,11:07.3,11:14.2,40038,40449,put down saucepan,put-down,1,saucepan,5,['saucepan'],[5]
P01_01_145,P01,P01_01,11:13.9,11:15.0,11:17.0,40500,40619,turn hob,turn,23,hob,24,['hob'],[24]
P01_01_146,P01,P01_01,11:18.3,11:19.5,11:22.3,40770,40937,take kettle,take,0,kettle,44,['kettle'],[44]
P01_01_147,P01,P01_01,11:22.7,11:23.4,11:37.4,41004,41841,pour water into saucepan,pour-into,9,water,27,"['water', 'saucepan']","[27, 5]"
P01_01_148,P01,P01_01,11:25.8,11:26.6,11:31.6,41193,41493,see boiling water,see,38,water:boiling,27,['water:boiling'],[27]
P01_01_149,P01,P01_01,11:38.1,11:39.1,11:41.9,41944,42114,put down kettle,put-down,1,kettle,44,['kettle'],[44]
P01_01_150,P01,P01_01,11:42.5,11:43.9,11:45.4,42231,42324,take olive oil,take,0,oil:olive,31,['oil:olive'],[31]
P01_01_151,P01,P01_01,11:45.9,11:47.9,11:53.1,42472,42784,pour oil,pour,9,oil,31,['oil'],[31]
P01_01_152,P01,P01_01,11:53.3,11:53.1,11:56.4,42788,42983,close oil,close,4,oil,31,['oil'],[31]
P01_01_153,P01,P01_01,11:54.5,11:56.5,11:57.8,42989,43069,put down oil,put-down,1,oil,31,['oil'],[31]
P01_01_154,P01,P01_01,11:56.2,11:57.9,11:58.8,43075,43128,take spatula,take,0,spatula,20,['spatula'],[20]
P01_01_155,P01,P01_01,11:57.8,11:59.0,12:00.0,43141,43202,take cutting board with onion,take,0,board:cutting,18,"['board:cutting', 'onion']","[18, 16]"
P01_01_156,P01,P01_01,11:59.2,12:00.4,12:02.4,43227,43342,pouring onion,pour,9,onion,16,['onion'],[16]
P01_01_157,P01,P01_01,12:01.5,12:02.5,12:03.6,43347,43413,put down cutting board,put-down,1,board:cutting,18,['board:cutting'],[18]
P01_01_158,P01,P01_01,12:02.5,12:03.7,12:11.5,43422,43888,stir vegetables,stir,10,vegetable,94,['vegetable'],[94]
P01_01_159,P01,P01_01,12:19.4,12:10.4,12:30.1,43822,45004,still stirring vegetables,stir,10,vegetable,94,['vegetable'],[94]
P01_01_160,P01,P01_01,12:29.0,12:30.4,12:31.5,45023,45091,take salt,take,0,salt,38,['salt'],[38]
P01_01_161,P01,P01_01,12:30.0,12:31.6,12:33.1,45097,45189,open salt,open,3,salt,38,['salt'],[38]
P01_01_162,P01,P01_01,12:31.0,12:32.7,12:34.0,45165,45240,put down salt,put-down,1,salt,38,['salt'],[38]
P01_01_163,P01,P01_01,12:32.0,12:33.1,12:34.5,45185,45269,open drawer,open,3,drawer,8,['drawer'],[8]
P01_01_164,P01,P01_01,12:34.5,12:34.9,12:36.7,45297,45402,take spoon,take,0,spoon,1,['spoon'],[1]
P01_01_165,P01,P01_01,12:36.3,12:37.8,12:41.6,45468,45695,pour salt onto spoon,pour-onto,9,salt,38,"['salt', 'spoon']","[38, 1]"
P01_01_166,P01,P01_01,12:40.3,12:42.2,12:43.6,45729,45819,pour salt into water,pour-into,9,salt,38,"['salt', 'water']","[38, 27]"
P01_01_167,P01,P01_01,12:41.6,12:42.7,12:44.4,45763,45862,stir water,stir,10,water,27,['water'],[27]
P01_01_168,P01,P01_01,12:43.3,12:44.9,12:45.8,45894,45945,close salt,close,4,salt,38,['salt'],[38]
P01_01_169,P01,P01_01,12:44.5,12:46.1,12:46.8,45966,46006,put down spoon,put-down,1,spoon,1,['spoon'],[1]
P01_01_170,P01,P01_01,12:46.1,12:47.5,12:49.4,46050,46164,put down salt,put-down,1,salt,38,['salt'],[38]
P01_01_171,P01,P01_01,12:48.1,12:49.5,12:50.3,46172,46216,take spatula,take,0,spatula,20,['spatula'],[20]
P01_01_172,P01,P01_01,12:51.7,12:50.3,12:51.3,46215,46279,stir vegetables,stir,10,vegetable,94,['vegetable'],[94]
P01_01_173,P01,P01_01,12:50.7,12:51.4,12:52.7,46284,46359,adjust hob,adjust,17,hob,24,['hob'],[24]
P01_01_174,P01,P01_01,12:49.1,12:54.7,13:28.3,46483,48495,stir vegetables,stir,10,vegetable,94,['vegetable'],[94]
P01_01_175,P01,P01_01,13:06.9,12:55.7,13:01.6,46540,46897,still stirring vegetables,stir,10,vegetable,94,['vegetable'],[94]
P01_01_176,P01,P01_01,13:27.2,13:09.3,13:39.7,47359,49179,still stirring vegetables,stir,10,vegetable,94,['vegetable'],[94]
P01_01_177,P01,P01_01,13:38.5,13:39.5,13:40.9,49172,49252,put down spatula,put-down,1,spatula,20,['spatula'],[20]
P01_01_178,P01,P01_01,13:39.6,13:41.2,13:42.4,49273,49344,open cupboard,open,3,cupboard,3,['cupboard'],[3]
P01_01_179,P01,P01_01,13:43.3,13:42.4,13:45.2,49344,49510,take something,take,0,cupboard,3,['cupboard'],[3]
P01_01_180,P01,P01_01,13:44.3,13:44.3,13:45.8,49456,49546,put down something,put-down,1,knife,4,['knife'],[4]
P01_01_181,P01,P01_01,13:46.4,13:46.9,13:48.6,49614,49716,take rice,take,0,rice,55,['rice'],[55]
P01_01_182,P01,P01_01,13:51.1,13:49.2,13:55.3,49753,50118,open rice,open,3,rice,55,['rice'],[55]
P01_01_183,P01,P01_01,13:57.6,13:59.1,14:00.4,50348,50426,put down rice,put-down,1,rice,55,['rice'],[55]
P01_01_184,P01,P01_01,13:59.0,14:00.7,14:01.6,50442,50498,take spatula,take,0,spatula,20,['spatula'],[20]
P01_01_185,P01,P01_01,14:00.0,14:01.7,14:07.3,50504,50836,stir vegetables,stir,10,vegetable,94,['vegetable'],[94]
P01_01_186,P01,P01_01,14:14.2,14:07.4,14:24.1,50842,51846,still stirring vegetables,stir,10,vegetable,94,['vegetable'],[94]
P01_01_187,P01,P01_01,14:22.4,14:24.3,14:25.3,51855,51918,put down spatula,put-down,1,spatula,20,['spatula'],[20]
P01_01_188,P01,P01_01,14:24.1,14:26.0,14:27.3,51960,52036,take tofu,take,0,tofu,81,['tofu'],[81]
P01_01_189,P01,P01_01,14:28.2,14:29.6,14:31.0,52175,52261,take knife,take,0,knife,4,['knife'],[4]
P01_01_190,P01,P01_01,14:31.8,14:30.9,14:35.1,52252,52506,cut tofu sleeve,cut,7,tofu,81,['tofu'],[81]
P01_01_191,P01,P01_01,14:35.7,14:35.5,14:45.1,52528,53104,open tofu container,open,3,container:tofu,21,['container:tofu'],[21]
P01_01_192,P01,P01_01,14:44.2,14:45.9,14:49.2,53155,53350,pour tofu onto pan,pour-onto,9,tofu,81,"['tofu', 'pan']","[81, 5]"
P01_01_193,P01,P01_01,14:45.3,14:49.5,14:50.9,53371,53455,put down tofu container,put-down,1,container:tofu,21,['container:tofu'],[21]
P01_01_194,P01,P01_01,14:49.5,14:50.9,15:04.3,53452,54256,stir vegetables and tofu,stir,10,vegetable,94,"['vegetable', 'tofu']","[94, 81]"
P01_01_195,P01,P01_01,15:02.7,15:04.2,15:05.2,54250,54310,put down spatula,put-down,1,spatula,20,['spatula'],[20]
P01_01_196,P01,P01_01,15:06.3,15:05.3,15:08.2,54316,54491,take tofu container,take,0,container:tofu,21,['container:tofu'],[21]
P01_01_197,P01,P01_01,15:10.0,15:09.3,15:11.5,54559,54688,throw something into the bin,throw-into,13,bin,36,['bin'],[36]
P01_01_198,P01,P01_01,15:07.8,15:11.4,15:13.6,54685,54815,throw something into the bin,throw-into,13,bin,36,['bin'],[36]
P01_01_199,P01,P01_01,15:15.5,15:17.6,15:18.4,55056,55105,throw tupperware container into the bin,throw-into,13,container:tupperware,23,"['container:tupperware', 'bin']","[23, 36]"
P01_01_200,P01,P01_01,15:19.6,15:21.6,15:22.4,55298,55343,take spatula,take,0,spatula,20,['spatula'],[20]
P01_01_201,P01,P01_01,15:20.6,15:21.7,15:28.7,55299,55721,stir vegetables in tofu,stir,10,vegetable,94,"['vegetable', 'tofu']","[94, 81]"
P01_01_202,P01,P01_01,15:27.5,15:28.6,15:29.9,55717,55797,take rice,take,0,rice,55,['rice'],[55]
P01_01_203,P01,P01_01,15:37.0,15:31.8,15:37.6,55906,56256,pour rice into water,pour-into,9,rice,55,"['rice', 'water']","[55, 27]"
P01_01_204,P01,P01_01,15:28.5,15:38.5,15:42.9,56307,56577,pour rice into water,pour-into,9,rice,55,"['rice', 'water']","[55, 27]"
P01_01_205,P01,P01_01,15:46.1,15:45.5,15:51.6,56727,57096,fold rice bag,fold,28,bag:rice,19,['bag:rice'],[19]
P01_01_206,P01,P01_01,15:49.3,15:51.7,15:53.0,57102,57182,close rice bag,close,4,bag:rice,19,['bag:rice'],[19]
P01_01_207,P01,P01_01,15:52.0,15:54.0,15:55.0,57237,57300,open cupboard,open,3,cupboard,3,['cupboard'],[3]
P01_01_208,P01,P01_01,15:53.0,15:55.1,15:56.9,57303,57412,put rice into cupboard,put-into,5,rice,55,"['rice', 'cupboard']","[55, 3]"
P01_01_209,P01,P01_01,15:58.9,15:59.3,16:09.6,57556,58175,stir vegetables in tofu,stir,10,vegetable,94,"['vegetable', 'tofu']","[94, 81]"
P01_01_210,P01,P01_01,15:57.9,15:59.5,16:00.5,57569,57630,take spatula,take,0,spatula,20,['spatula'],[20]
P01_01_211,P01,P01_01,16:09.7,16:10.4,16:11.2,58225,58269,take bottle,take,0,bottle,15,['bottle'],[15]
P01_01_212,P01,P01_01,16:10.7,16:11.3,16:12.0,58275,58317,open top,open,3,top,42,['top'],[42]
P01_01_213,P01,P01_01,16:13.6,16:13.4,16:24.8,58404,59088,pour water into bottle,pour-into,9,water,27,"['water', 'bottle']","[27, 15]"
P01_01_214,P01,P01_01,16:23.0,16:23.6,16:25.7,59018,59140,close top,close,4,top,42,['top'],[42]
P01_01_215,P01,P01_01,16:24.7,16:26.4,16:28.2,59185,59289,put bottle onto table,put-onto,1,bottle,15,"['bottle', 'table']","[15, 42]"
P01_01_216,P01,P01_01,16:30.3,16:29.6,16:33.6,59376,59616,take cutlery,take,0,cutlery,58,['cutlery'],[58]
P01_01_217,P01,P01_01,16:33.2,16:34.5,16:37.1,59672,59824,open cupboard,open,3,cupboard,3,['cupboard'],[3]
P01_01_218,P01,P01_01,16:36.4,16:37.2,16:47.9,59830,60475,put cutlery into cupboard,put-into,5,cutlery,58,"['cutlery', 'cupboard']","[58, 3]"
P01_01_219,P01,P01_01,16:45.9,16:47.7,16:49.5,60460,60567,close drawer,close,4,drawer,8,['drawer'],[8]
P01_01_220,P01,P01_01,16:48.3,16:49.9,16:50.9,60596,60653,take spatula,take,0,spatula,20,['spatula'],[20]
P01_01_221,P01,P01_01,16:50.0,16:50.9,16:58.0,60654,61082,stir vegetables and tofu,stir,10,vegetable,94,"['vegetable', 'tofu']","[94, 81]"
P01_01_222,P01,P01_01,16:56.7,16:58.2,17:00.2,61092,61212,adjust,adjust,17,hob,24,['hob'],[24]
P01_01_223,P01,P01_01,17:01.9,17:00.6,17:05.1,61233,61503,stir vegetables,stir,10,vegetable,94,['vegetable'],[94]
P01_01_224,P01,P01_01,17:04.7,17:05.4,17:12.7,61524,61963,stir rice,stir,10,rice,55,['rice'],[55]
P01_01_225,P01,P01_01,17:12.1,17:13.6,17:14.6,62015,62073,put down spatula,put-down,1,spatula,20,['spatula'],[20]
P01_01_226,P01,P01_01,17:14.7,17:15.0,17:17.6,62102,62257,take spoon,take,0,spoon,1,['spoon'],[1]
P01_01_227,P01,P01_01,17:16.3,17:17.0,17:21.4,62217,62485,take glass,take,0,glass,10,['glass'],[10]
P01_01_228,P01,P01_01,17:25.8,17:20.2,17:28.7,62413,62920,put down,put-down,1,glass,10,['glass'],[10]
P01_01_229,P01,P01_01,17:20.7,17:21.5,17:26.0,62491,62762,put down glass,put-down,1,glass,10,['glass'],[10]
P01_01_230,P01,P01_01,17:24.8,17:26.3,17:28.4,62778,62904,open drawer,open,3,drawer,8,['drawer'],[8]
P01_01_231,P01,P01_01,17:29.2,17:31.7,17:32.8,63100,63166,take spatula,take,0,spatula,20,['spatula'],[20]
P01_01_232,P01,P01_01,17:30.3,17:31.9,17:47.4,63112,64045,stir vegetables into a bowl,stir-into,10,vegetable,94,"['vegetable', 'bowl']","[94, 7]"
P01_01_233,P01,P01_01,17:44.7,17:46.5,17:47.6,63992,64055,put down spatula,put-down,1,spatula,20,['spatula'],[20]
P01_01_234,P01,P01_01,17:52.8,17:54.1,17:56.3,64449,64576,take container,take,0,container,21,['container'],[21]
P01_01_235,P01,P01_01,17:53.8,17:55.4,17:56.7,64522,64602,open container,open,3,container,21,['container'],[21]
P01_01_236,P01,P01_01,17:56.2,17:57.1,17:58.8,64625,64729,take container out of container,take-out,12,container,21,"['container', 'container']","[21, 21]"
P01_01_237,P01,P01_01,17:57.6,17:59.0,18:03.6,64741,65014,close container,close,4,container,21,['container'],[21]
P01_01_238,P01,P01_01,18:00.2,18:03.7,18:04.6,65020,65073,put container back into cupboard,put,1,container,21,"['container', 'cupboard']","[21, 3]"
P01_01_239,P01,P01_01,18:04.4,18:06.4,18:08.0,65186,65277,take spatula,take,0,spatula,20,['spatula'],[20]
P01_01_240,P01,P01_01,18:05.9,18:07.5,18:12.3,65248,65539,stir rice,stir,10,rice,55,['rice'],[55]
P01_01_241,P01,P01_01,18:12.3,18:14.3,18:23.4,65655,66203,stir vegetables and tofu,stir,10,vegetable,94,"['vegetable', 'tofu']","[94, 81]"
P01_01_242,P01,P01_01,18:29.4,18:19.0,18:51.3,65941,67875,still stirring vegetables and tofu,stir,10,vegetable,94,"['vegetable', 'tofu']","[94, 81]"
P01_01_243,P01,P01_01,18:50.1,18:51.9,18:53.8,67915,68025,put down spatula,put-down,1,spatula,20,['spatula'],[20]
P01_01_244,P01,P01_01,19:22.5,19:23.1,19:32.0,69785,70318,stir vegetables,stir,10,vegetable,94,['vegetable'],[94]
P01_01_245,P01,P01_01,19:31.6,19:32.1,19:38.4,70329,70704,stir rice,stir,10,rice,55,['rice'],[55]
P01_01_246,P01,P01_01,19:37.5,19:38.6,19:40.5,70714,70831,put down spatula,put-down,1,spatula,20,['spatula'],[20]
P01_01_247,P01,P01_01,20:04.8,19:43.1,20:12.0,70985,72718,waiting for rice to be cooked,wait-for,72,rice,55,['rice'],[55]
P01_01_248,P01,P01_01,20:12.5,20:14.2,20:15.4,72849,72924,take spatula,take,0,spatula,20,['spatula'],[20]
P01_01_249,P01,P01_01,20:23.1,20:15.2,20:25.8,72911,73550,put down spatula,put-down,1,spatula,20,['spatula'],[20]
P01_01_250,P01,P01_01,20:13.5,20:15.3,20:25.7,72919,73543,stir vegetables and tofu,stir,10,vegetable,94,"['vegetable', 'tofu']","[94, 81]"
P01_01_251,P01,P01_01,20:24.2,20:25.6,20:26.6,73536,73596,take spoon,take,0,spoon,1,['spoon'],[1]
P01_01_252,P01,P01_01,20:28.6,20:27.7,20:30.7,73663,73840,scoop rice,scoop,16,rice,55,['rice'],[55]
P01_01_253,P01,P01_01,20:29.6,20:31.6,20:36.0,73894,74162,taste rice,taste,35,rice,55,['rice'],[55]
P01_01_254,P01,P01_01,20:36.3,20:36.1,20:38.9,74168,74335,put down spoon,put-down,1,spoon,1,['spoon'],[1]
P01_01_255,P01,P01_01,20:46.3,20:47.9,20:49.8,74873,74985,open cupboard,open,3,cupboard,3,['cupboard'],[3]
P01_01_256,P01,P01_01,20:50.0,20:51.0,20:53.0,75063,75179,take drainer,take,0,drainer,110,['drainer'],[110]
P01_01_257,P01,P01_01,21:02.1,21:04.0,21:05.4,75839,75921,take glass and bottle,take,0,glass,10,"['glass', 'bottle']","[10, 15]"
P01_01_258,P01,P01_01,21:03.1,21:05.0,21:10.4,75900,76222,pour water onto glass,pour-onto,9,water,27,"['water', 'glass']","[27, 10]"
P01_01_259,P01,P01_01,21:09.0,21:10.9,21:16.7,76255,76599,drink water,drink,60,water,27,['water'],[27]
P01_01_260,P01,P01_01,21:10.3,21:12.5,21:14.0,76353,76437,put down bottle,put-down,1,bottle,15,['bottle'],[15]
P01_01_261,P01,P01_01,21:15.6,21:16.1,21:17.6,76567,76656,put down glass,put-down,1,glass,10,['glass'],[10]
P01_01_262,P01,P01_01,21:18.9,21:20.7,21:21.5,76843,76892,take spatula,take,0,spatula,20,['spatula'],[20]
P01_01_263,P01,P01_01,21:19.9,21:21.7,21:32.7,76903,77562,stir vegetables and tofu,stir,10,vegetable,94,"['vegetable', 'tofu']","[94, 81]"
P01_01_264,P01,P01_01,21:31.1,21:29.6,21:36.3,77373,77776,still stirring vegetables and tofu,stir,10,vegetable,94,"['vegetable', 'tofu']","[94, 81]"
P01_01_265,P01,P01_01,21:32.5,21:36.0,21:37.0,77757,77818,put down spatula,put-down,1,spatula,20,['spatula'],[20]
P01_01_266,P01,P01_01,21:42.6,21:44.5,21:45.5,78270,78327,take spatula,take,0,spatula,20,['spatula'],[20]
P01_01_267,P01,P01_01,21:44.8,21:46.3,21:52.2,78376,78730,stir rice,stir,10,rice,55,['rice'],[55]
P01_01_268,P01,P01_01,21:46.4,21:51.5,21:54.0,78688,78841,put down spatula,put-down,1,spatula,20,['spatula'],[20]
P01_01_269,P01,P01_01,22:00.4,21:55.9,21:58.9,78952,79135,waiting for rice,wait-for,72,rice,55,['rice'],[55]
P01_01_270,P01,P01_01,22:22.3,22:20.4,22:33.5,80422,81210,still waiting for rice,wait-for,72,rice,55,['rice'],[55]
P01_01_271,P01,P01_01,22:32.2,22:33.7,22:35.5,81219,81328,take spoon,take,0,spoon,1,['spoon'],[1]
P01_01_272,P01,P01_01,22:34.2,22:35.2,22:39.8,81315,81587,scoop rice,scoop,16,rice,55,['rice'],[55]
P01_01_273,P01,P01_01,22:38.0,22:39.8,22:45.4,81586,81924,taste rice,taste,35,rice,55,['rice'],[55]
P01_01_274,P01,P01_01,22:45.8,22:46.0,22:49.6,81960,82176,put down spoon,put-down,1,spoon,1,['spoon'],[1]
P01_01_275,P01,P01_01,22:48.8,22:49.7,22:53.8,82183,82428,turn off hob,turn-off,8,hob,24,['hob'],[24]
P01_01_276,P01,P01_01,23:11.9,23:12.8,23:15.1,83567,83707,take saucepan,take,0,saucepan,5,['saucepan'],[5]
P01_01_277,P01,P01_01,23:16.0,23:16.6,23:21.3,83793,84077,drain saucepan,drain,37,saucepan,5,['saucepan'],[5]
P01_01_278,P01,P01_01,23:22.2,23:22.0,23:28.8,84118,84528,drain rice,drain,37,rice,55,['rice'],[55]
P01_01_279,P01,P01_01,23:28.0,23:29.7,23:33.1,84580,84786,pour rice onto pan,pour-onto,9,rice,55,"['rice', 'pan']","[55, 5]"
P01_01_280,P01,P01_01,23:31.9,23:33.0,23:34.0,84780,84840,put on drainer,put-on,1,drainer,110,['drainer'],[110]
P01_01_281,P01,P01_01,23:33.6,23:34.7,23:44.2,84882,85453,scoop rice,scoop,16,rice,55,['rice'],[55]
P01_01_282,P01,P01_01,23:43.0,23:44.2,23:46.0,85452,85558,put down saucepan,put-down,1,saucepan,5,['saucepan'],[5]
P01_01_283,P01,P01_01,23:44.8,23:46.1,23:47.8,85568,85668,put down drainer,put-down,1,drainer,110,['drainer'],[110]
P01_01_284,P01,P01_01,23:46.8,23:48.4,23:49.2,85702,85751,put down spatula,put-down,1,spatula,20,['spatula'],[20]
P01_01_285,P01,P01_01,23:48.6,23:49.5,23:50.2,85769,85814,take spatula,take,0,spatula,20,['spatula'],[20]
P01_01_286,P01,P01_01,23:49.6,23:50.7,23:56.3,85843,86180,stir vegetables rice and tofu,stir,10,rice:vegetable,55,"['rice:vegetable', 'tofu']","[55, 81]"
P01_01_287,P01,P01_01,23:55.0,23:56.4,23:57.0,86181,86221,put down spatula,put-down,1,spatula,20,['spatula'],[20]
P01_01_288,P01,P01_01,23:58.3,23:57.0,24:03.6,86217,86617,pour curry powder,pour,9,powder:curry,138,['powder:curry'],[138]
P01_01_289,P01,P01_01,23:56.1,23:57.1,23:57.8,86228,86269,take curry powder,take,0,powder:curry,138,['powder:curry'],[138]
P01_01_290,P01,P01_01,23:57.1,23:58.2,23:59.2,86293,86349,open curry powder,open,3,powder:curry,138,['powder:curry'],[138]
P01_01_291,P01,P01_01,24:01.9,24:03.0,24:04.1,86577,86643,put down curry powder,put-down,1,powder:curry,138,['powder:curry'],[138]
P01_01_292,P01,P01_01,24:02.9,24:03.9,24:04.9,86631,86695,take spatula,take,0,spatula,20,['spatula'],[20]
P01_01_293,P01,P01_01,24:03.9,24:04.9,24:17.0,86692,87420,stir rice,stir,10,rice,55,['rice'],[55]
P01_01_294,P01,P01_01,24:15.1,24:15.3,24:22.6,87320,87756,still stirring rice,stir,10,rice,55,['rice'],[55]
P01_01_295,P01,P01_01,24:37.5,24:22.7,24:29.9,87762,88196,still stirring rice,stir,10,rice,55,['rice'],[55]
P01_01_296,P01,P01_01,25:16.1,24:30.0,25:05.3,88202,90316,still stirring rice,stir,10,rice,55,['rice'],[55]
P01_01_297,P01,P01_01,25:04.2,25:04.5,25:07.4,90271,90445,turn off hob,turn-off,8,hob,24,['hob'],[24]
P01_01_298,P01,P01_01,25:06.9,25:08.1,25:18.1,90483,91084,stir rice,stir,10,rice,55,['rice'],[55]
P01_01_299,P01,P01_01,25:34.8,25:18.2,25:26.2,91090,91572,still stirring rice,stir,10,rice,55,['rice'],[55]
P01_01_300,P01,P01_01,24:51.4,25:24.0,25:48.5,91440,92910,still stirring rice,stir,10,rice,55,['rice'],[55]
P01_01_301,P01,P01_01,25:46.7,25:48.8,25:49.9,92925,92991,put down spatula,put-down,1,spatula,20,['spatula'],[20]
P01_01_302,P01,P01_01,25:49.0,25:50.1,25:54.1,93006,93247,close curry powder,close,4,powder:curry,138,['powder:curry'],[138]
P01_01_303,P01,P01_01,25:52.3,25:54.4,25:55.2,93266,93311,put curry powder down,put-down,1,powder:curry,138,['powder:curry'],[138]
P01_01_304,P01,P01_01,25:54.4,25:55.5,25:56.8,93332,93407,take container,take,0,container,21,['container'],[21]
P01_01_305,P01,P01_01,25:56.0,25:56.8,25:58.7,93409,93520,take spatula,take,0,spatula,20,['spatula'],[20]
P01_01_306,P01,P01_01,25:58.4,25:57.6,26:03.0,93457,93778,pour rice into container,pour-into,9,rice,55,"['rice', 'container']","[55, 21]"
P01_01_307,P01,P01_01,26:10.3,26:00.8,26:13.8,93649,94426,pour rice into container,pour-into,9,rice,55,"['rice', 'container']","[55, 21]"
P01_01_308,P01,P01_01,26:04.7,26:02.5,26:04.3,93751,93856,scoop rice,scoop,16,rice,55,['rice'],[55]
P01_01_309,P01,P01_01,26:06.0,26:04.4,26:06.1,93862,93967,pour rice into container,pour-into,9,rice,55,"['rice', 'container']","[55, 21]"
P01_01_310,P01,P01_01,26:09.3,26:06.5,26:08.5,93988,94108,scoop rice,scoop,16,rice,55,['rice'],[55]
P01_01_311,P01,P01_01,26:12.3,26:13.9,26:14.7,94433,94479,put down container,put-down,1,container,21,['container'],[21]
P01_01_312,P01,P01_01,26:13.3,26:14.2,26:15.3,94451,94518,put down spatula,put-down,1,spatula,20,['spatula'],[20]
P01_01_313,P01,P01_01,26:14.4,26:15.4,26:17.3,94522,94637,take plate,take,0,plate,2,['plate'],[2]
P01_01_314,P01,P01_01,26:16.2,26:17.8,26:19.2,94666,94749,put down plate,put-down,1,plate,2,['plate'],[2]
P01_01_315,P01,P01_01,26:17.2,26:19.2,26:20.2,94753,94809,take spatula,take,0,spatula,20,['spatula'],[20]
P01_01_316,P01,P01_01,26:19.3,26:20.1,26:32.6,94806,95553,pour rice onto plate,pour-onto,9,rice,55,"['rice', 'plate']","[55, 2]"
P01_01_317,P01,P01_01,26:33.1,26:33.9,26:39.8,95632,95991,scoop rice,scoop,16,rice,55,['rice'],[55]
P01_01_318,P01,P01_01,26:44.4,26:40.7,26:46.0,96040,96362,scoop rice,scoop,16,rice,55,['rice'],[55]
P01_01_319,P01,P01_01,26:46.6,26:46.1,26:58.1,96366,97087,pour rice into container,pour-into,9,rice,55,"['rice', 'container']","[55, 21]"
P01_01_320,P01,P01_01,26:54.9,26:46.2,26:58.7,96374,97123,scoop rice,scoop,16,rice,55,['rice'],[55]
P01_01_321,P01,P01_01,26:57.7,26:58.2,27:00.5,97089,97230,put down spatula,put-down,1,spatula,20,['spatula'],[20]
P01_01_322,P01,P01_01,27:00.0,27:01.0,27:03.1,97259,97387,put down pan,put-down,1,pan,5,['pan'],[5]
P01_01_323,P01,P01_01,27:04.3,27:05.3,27:07.0,97516,97617,open tap,turn-on,6,tap,0,['tap'],[0]
P01_01_324,P01,P01_01,27:05.6,27:07.1,27:09.7,97624,97782,washing pan,wash,2,pan,5,['pan'],[5]
P01_01_325,P01,P01_01,27:08.7,27:10.1,27:13.6,97807,98014,wash saucepan,wash,2,saucepan,5,['saucepan'],[5]
P01_01_326,P01,P01_01,27:11.7,27:13.7,27:15.2,98021,98112,wash drainer,wash,2,drainer,110,['drainer'],[110]
P01_01_327,P01,P01_01,27:12.8,27:15.0,27:16.1,98098,98167,close tap,turn-off,8,tap,0,['tap'],[0]
P01_01_328,P01,P01_01,27:16.7,27:17.6,27:19.7,98257,98383,take plate,take,0,plate,2,['plate'],[2]
P01_01_329,P01,P01_01,27:18.6,27:20.4,27:21.7,98424,98501,put down plate,put-down,1,plate,2,['plate'],[2]
